{
    "REGEN": 0.8800956475214216,
    "SCHNEE": 0.9253954063038338,
    "REGION": 0.8839555888770263,
    "VERSCHWINDEN": 0.8242317176476104,
    "NORDOST": 0.8483386517147,
    "NORD": 0.8908254297148037,
    "KOENNEN": 0.8337305973350163,
    "STERN": 0.8035062975717016,
    "SEHEN": 0.7819079748578667,
    "DONNERSTAG": 0.8723709371605811,
    "SONNE": 0.8852325172260076,
    "WOLKE": 0.8565158870591688,
    "WECHSELHAFT": 0.8590101640562477,
    "DANN": 0.9503176112922682,
    "FREITAG": 0.8688636546385609,
    "AEHNLICH": 0.8545360534458399,
    "WETTER": 0.9177088382218687,
    "NORDWEST": 0.8736480875569104,
    "STARK": 0.8827099106803205,
    "TIEF": 0.8758844129831342,
    "AB": 0.8933750932099851,
    "MORGEN": 0.86902689520044,
    "FRUEH": 0.8852588012385995,
    "SCHNEIEN": 0.8378338129185657,
    "ENORM": 0.9489488404582337,
    "WOCHENENDE": 0.8743158855737679,
    "SAMSTAG": 0.7947605162584288,
    "GUT": 0.857745444672615,
    "TEMPERATUR": 0.8339393574318005,
    "BIS": 0.8468437948618123,
    "SIEBZEHN": 0.840963078145845,
    "GRAD": 0.8259595948558208,
    "DEUTSCH": 0.8816145811228969,
    "LAND": 0.8455003953672864,
    "HOCH": 0.8527181240767229,
    "DRUCK": 0.7661690754125488,
    "KOMMEN": 0.7775761394043466,
    "SONNTAG": 0.8250349572070624,
    "AUCH": 0.9130793433868803,
    "GEWITTER": 0.8652596917279104,
    "DABEI": 0.7597518975672968,
    "WAHRSCHEINLICH": 0.8062517879306692,
    "SCHAUER": 0.8878518941009031,
    "IM-VERLAUF": 0.8994530003518821,
    "BLEIBEN": 0.8183062702956835,
    "KALT": 0.8533996451849445,
    "MEHR": 0.935298361085959,
    "HERBST": 0.817125283245788,
    "TRUEB": 0.8536016787255655,
    "NEBEL": 0.8001484742732685,
    "LANG": 0.8766196107780695,
    "LEICHT": 0.8836423705271745,
    "UNTERSCHIED": 0.6646774067420073,
    "FEUCHT": 0.9188387890305086,
    "WIE": 0.8510476233820897,
    "HEUTE": 0.9381051809867086,
    "SECHS": 0.7679952001088937,
    "ZWISCHEN": 0.7529692041556507,
    "ELF": 0.855068591532666,
    "NACHT": 0.9430392970717736,
    "ANFANG": 0.8002949514788484,
    "ABEND": 0.9532843412993846,
    "IN-KOMMEND": 0.7633399587789669,
    "HIMMEL": 0.7852652709034901,
    "BODEN": 0.7616289419669081,
    "JETZT": 0.8522495856210331,
    "VORAUSSAGE": 0.6425887074643357,
    "FUENFZEHN": 0.7599129818393255,
    "OKTOBER": 0.752385979732852,
    "BERG": 0.8576121037788521,
    "HAUPTSAECHLICH": 0.8336321595000362,
    "SUED": 0.8278162848621757,
    "BISSCHEN": 0.8480307770088432,
    "KLAR": 0.9060072117233575,
    "MOEGLICH": 0.8870269641419061,
    "WEHEN": 0.8634034788023828,
    "SUEDOST": 0.7893845763318347,
    "WIND": 0.9038954700445654,
    "IX": 0.927465743799154,
    "TEILWEISE": 0.9639790420808513,
    "WEITER": 0.7669160742373917,
    "FREUNDLICH": 0.9450700756167685,
    "WEST": 0.8746084299227462,
    "AUFLOESEN": 0.7293079695802027,
    "MISCHUNG": 0.8640982338172284,
    "NULL": 0.7120227026086233,
    "MINUS": 0.8302280364916492,
    "FUENF": 0.808616643822389,
    "LUFT": 0.8473229020042438,
    "KUEHL": 0.8613514138463712,
    "DIENSTAG": 0.6782348627405846,
    "ABER": 0.8160128482355933,
    "ODER": 0.9292719714850736,
    "MITTE": 0.8817699226043368,
    "STURM": 0.8512507851052714,
    "BESSER": 0.8414812951747505,
    "SACHSEN": 0.798940853144014,
    "UNWETTER": 0.8895062933751003,
    "ZWANZIG": 0.8451130022382336,
    "OST": 0.8680939100236892,
    "SIEBEN": 0.6503549399450108,
    "FROST": 0.89863266969514,
    "TAG": 0.933601033543641,
    "DREIZEHN": 0.7359796907504513,
    "WIE-AUSSEHEN": 0.6718371773363784,
    "MITTWOCH": 0.7079724303445961,
    "PLUS": 0.7327022514775573,
    "VIER": 0.8246163649682763,
    "ZEHN": 0.820633457347698,
    "VIEL": 0.8952777458877712,
    "FLUSS": 0.8251813066646955,
    "KUESTE": 0.8673771718155509,
    "ZUERST": 0.7868722598126185,
    "NUR": 0.846683148815635,
    "VOR": 0.8778625032765291,
    "MITTAG": 0.8183539672969732,
    "SONST": 0.8520128923444704,
    "SCHWACH": 0.8833704145605341,
    "BESONDERS": 0.9022698141388437,
    "ZWEITE": 0.7946352548347033,
    "JUNI": 0.6635584742492977,
    "SINKEN": 0.6037708969036675,
    "VIERZEHN": 0.7600530304336447,
    "VORAUS": 0.641319525274596,
    "INFORMIEREN": 0.5880701478742589,
    "ERSTE": 0.6561663482244597,
    "FEBRUAR": 0.593864009659979,
    "SPAETER": 0.6630497964228191,
    "TAGSUEBER": 0.6319240413583675,
    "SUEDWEST": 0.8062232360280687,
    "SCHOEN": 0.9586291415388737,
    "WUENSCHEN": 0.7752038123675886,
    "FRISCH": 0.8529286685029004,
    "FUENFTE": 0.6365902762141366,
    "MEER": 0.8926057595133915,
    "MILD": 0.9047197355278651,
    "MONTAG": 0.7966492070059006,
    "MAL": 0.8648758425332479,
    "LOCKER": 0.7826996674440331,
    "TROCKEN": 0.9563273901324245,
    "WARM": 0.8932212873795031,
    "SCHWER": 0.8633402305663057,
    "DESHALB": 0.8035404917118727,
    "ZWEI": 0.6755607696734678,
    "ACHT": 0.7394559269422748,
    "WAS": 0.6244500426974249,
    "APRIL": 0.6993713433874522,
    "EUROPA": 0.8616208476365654,
    "SCHON": 0.8719428014702143,
    "DREISSIG": 0.7904806931681813,
    "HIER": 0.0,
    "NACH": 0.8284407750889521,
    "MAESSIG": 0.9227952696806403,
    "VERSCHIEDEN": 0.7503194508265842,
    "ACHTZEHN": 0.8059792006368041,
    "NAECHSTE": 0.7773538297960808,
    "WIEDER": 0.7488635065155337,
    "DEZEMBER": 0.7400170932960035,
    "EINS": 0.7728953105440297,
    "SECHSZEHN": 0.7724878758907888,
    "ICH": 0.4209901406480381,
    "NEUNZEHN": 0.8123006523897357,
    "UEBERWIEGEND": 0.8402261122732723,
    "BEWOELKT": 0.70564273007613,
    "ORT": 0.8257318779195315,
    "WENN": 0.8256020556753209,
    "DREI": 0.6439368833433894,
    "NEUN": 0.8918654177084445,
    "LANGSAM": 0.7674846998239595,
    "STEIGEN": 1.0211681337260814,
    "LIEB": 0.8139559027456513,
    "ZUSCHAUER": 0.7480367411830465,
    "BEGRUESSEN": 0.7689956300529036,
    "DAUER": 0.6490400961265332,
    "VERAENDERN": 0.4808178011186563,
    "DEUTSCHLAND": 0.8279432729241686,
    "HABEN2": 0.7991752733093509,
    "ALPEN": 0.8420239301510751,
    "GEFAHR": 0.8896034378238047,
    "DIENST": 0.9707047035266947,
    "WARNUNG": 0.9253446391470002,
    "METER": 0.5736093321907539,
    "NOCH": 0.9613003706176945,
    "DRITTE": 0.6917039085358039,
    "SEPTEMBER": 0.8453404045414298,
    "WOCHE": 0.7724237976770463,
    "BAYERN": 0.7536014921425916,
    "NEU": 0.9134866809654729,
    "WIE-IMMER": 0.5642966097595785,
    "SO": 0.8437314625581013,
    "ACHTE": 0.5251101834793958,
    "NACHMITTAG": 0.6457106878103622,
    "TAUEN": 0.7650966483806677,
    "DAZU": 0.8210615200065494,
    "neg-HABEN": 0.6866309587280286,
    "BURG": 0.7385647254466083,
    "MEISTENS": 0.819616376523251,
    "TEIL": 0.7942721773680937,
    "TATSAECHLICH": 0.5645952887570772,
    "RUHIG": 0.8464516576809848,
    "VORSICHT": 0.7807453852429318,
    "STRASSE": 0.8492960231410476,
    "GLATT": 0.7460561747720716,
    "UNTER": 0.44037007546030815,
    "TSCHUESS": 0.7235203804395877,
    "MAXIMAL": 0.7590726994176134,
    "SCHOTTLAND": 0.7082848113801401,
    "MACHEN": 0.5865063437249314,
    "ZWOELF": 0.800937811978387,
    "KOELN": 0.7784198999432772,
    "JANUAR": 0.8667688288253842,
    "WINTER": 0.678902304083532,
    "DU": 0.36185888575762776,
    "HOEHE": 0.6911446745232718,
    "GLEICH": 0.6511928405422236,
    "MIT": 0.8874964189645838,
    "poss-EUCH": 0.8650290337096936,
    "MAI": 0.6063769135584155,
    "AUGUST": 0.6759351270675755,
    "WENIGER": 0.6897721458223919,
    "HAGEL": 0.7708056979774627,
    "NAH": 0.6993309430519307,
    "SKANDINAVIEN": 0.555363410584261,
    "UND": 0.8238162560128954,
    "SPEZIELL": 0.9127908429541272,
    "neg-REGEN": 0.6720645570276564,
    "WENIG": 0.7391098435379881,
    "ORKAN": 0.831138354912867,
    "SEE": 0.5589751515257356,
    "SCHEINEN": 0.5964061748047981,
    "NOVEMBER": 0.7397160979459698,
    "GRUND": 0.7596877172988243,
    "WALD": 0.8375429202471866,
    "DOCH": 0.8760667379894246,
    "ALLE": 0.4316739678782809,