{
    "DRUCK": 0.8155313178869849,
    "TIEF": 0.8393121554795402,
    "KOMMEN": 0.7370216907145667,
    "VIEL": 0.9131343654584181,
    "WOLKE": 0.8530133570149593,
    "KOENNEN": 0.8697405680903966,
    "REGEN": 0.8867577383560798,
    "GEWITTER": 0.8960398392945645,
    "SCHWACH": 0.9271271732107944,
    "MAESSIG": 0.8980105695904468,
    "SUED": 0.8139811591515519,
    "WIND": 0.9163296505534195,
    "MITTWOCH": 0.7500466916617142,
    "NORD": 0.8969850001108585,
    "NORDWEST": 0.8730790337106178,
    "STARK": 0.8810469156452104,
    "JETZT": 0.8297584580863295,
    "WETTER": 0.9045740811957252,
    "WIE-AUSSEHEN": 0.7012809065061381,
    "MORGEN": 0.8529994077219669,
    "FREITAG": 0.8964440442316919,
    "SECHSTE": 0.694174858377835,
    "MAI": 0.7299103592645022,
    "ZEIGEN-BILDSCHIRM": 0.5189139777522443,
    "DANN": 0.8978298531417576,
    "MEISTENS": 0.8699717789002323,
    "SCHNEE": 0.8994398482186431,
    "SCHNEIEN": 0.8216351444727666,
    "SUEDWEST": 0.8430211928331174,
    "WARM": 0.8735458802463325,
    "SCHON": 0.8986880657013251,
    "REGION": 0.887736803164788,
    "FUENFZEHN": 0.7713345453684066,
    "BIS": 0.9013828055228834,
    "ZWANZIG": 0.7971136519882084,
    "GRAD": 0.8445676687287725,
    "WOCHENENDE": 0.818810306750934,
    "DAENEMARK": 0.704218673867821,
    "IX": 0.8782025179604104,
    "FLUSS": 0.7955388576332029,
    "MAXIMAL": 0.6683573142915172,
    "DREISSIG": 0.7557968355300704,
    "SCHOEN": 0.9672481508970445,
    "ABEND": 0.9519061252298416,
    "WUENSCHEN": 0.8040110019355574,
    "MAL": 0.8243327591377223,
    "SONNE": 0.8922465369017116,
    "SPEZIELL": 0.8874577244795999,
    "ALPEN": 0.8068553485153681,
    "BISSCHEN": 0.8395987154113381,
    "MEHR": 0.9543701685993216,
    "AUCH": 0.9085131556702885,
    "TEIL": 0.8199817610967368,
    "TAG": 0.9374894917719874,
    "MITTE": 0.8472491059032906,
    "NEBEL": 0.8082321462418199,
    "NACHT": 0.9339407106000863,
    "FUENF": 0.817264712983724,
    "SEE": 0.7009491743062887,
    "MINUS": 0.8318595191996344,
    "VIER": 0.7888116996520136,
    "BERG": 0.8506289984561282,
    "ABER": 0.8999308897807845,
    "NUR": 0.8665147541566115,
    "FROST": 0.8897702983017579,
    "STEIGEN": 0.6234328035017692,
    "NULL": 0.7499216162427451,
    "SECHS": 0.7196990831836076,
    "neg-HABEN": 0.8837482368070017,
    "MILD": 0.8735742201859841,
    "DEUTSCH": 0.8934028888432048,
    "LAND": 0.8825193622584535,
    "ZWEI": 0.7839855013866753,
    "TEILWEISE": 0.9022225101941435,
    "KUEHL": 0.8532696603866253,
    "ODER": 0.8311162931478099,
    "STERN": 0.7777084268887393,
    "SEHEN": 0.8099200507071788,
    "GEFAHR": 0.8765058305460713,
    "GLATT": 0.8555483866678875,
    "BESONDERS": 0.9716668899323248,
    "KALT": 0.8259874412699935,
    "SAMSTAG": 0.8234295256527999,
    "UMWANDELN": 0.7724596973681209,
    "KUESTE": 0.8017864496511927,
    "SUEDOST": 0.8045477900250256,
    "NACH": 0.8711667961909243,
    "MITTAG": 0.8827108238256474,
    "LUFT": 0.9637207759579732,
    "HOCH": 0.7981274068117521,
    "DESHALB": 0.7768025910745956,
    "ZEHN": 0.7288756657487953,
    "SIEBZEHN": 0.7185136573987795,
    "SKANDINAVIEN": 0.7973717729883139,
    "WIEDER": 0.8398431371724617,
    "HAUPTSAECHLICH": 0.7735675708361638,
    "SONNTAG": 0.8636034480104405,
    "WAHRSCHEINLICH": 0.8365946907258838,
    "FREUNDLICH": 0.9746613516205762,
    "IM-VERLAUF": 0.9122851976941274,
    "WEST": 0.8754468219439424,
    "MISCHUNG": 0.7087926876017666,
    "BLEIBEN": 0.7374685948970986,
    "DIENSTAG": 0.6464454937792884,
    "RUHIG": 0.8771783008965748,
    "TROCKEN": 0.9500387552015338,
    "IN-KOMMEND": 0.786177168157355,
    "BEDEUTEN": 0.44430283905039986,
    "HIMMEL": 0.7667800740757952,
    "VERSCHWINDEN": 0.8449598733750264,
    "DREIZEHN": 0.8031698928487339,
    "PASSEN": 0.7778620465747106,
    "SOMMER": 0.7198383611268094,
    "MONTAG": 0.8577374484657627,
    "WECHSELHAFT": 0.8361650673872889,
    "BAYERN": 0.7731306220280048,
    "WEHEN": 0.8729698491120035,
    "LIEB": 0.7941583611317571,
    "ZUSCHAUER": 0.7378800162570796,
    "GUT": 0.9142562158886103,
    "DONNERSTAG": 0.8614052165605546,
    "ELF": 0.8593920058619422,
    "FAST": 0.6084964694744565,
    "ZWISCHEN": 0.8339434650126121,
    "ENORM": 0.8922731271334242,
    "MOEGLICH": 0.8874881026714148,
    "LANG": 0.8921610968651547,
    "FRISCH": 0.8693386861613154,
    "SCHAUER": 0.8656233069244019,
    "STURM": 0.8842535124395331,
    "WALD": 0.8907335504610374,
    "HEUTE": 0.939873335702664,
    "NEUN": 0.8353060496894712,
    "ALS": 0.6999571961121226,
    "NEUNZEHN": 0.776802302351073,
    "NOVEMBER": 0.6868293430580192,
    "MANCHMAL": 0.6476776491008501,
    "S": 0.7189332745726636,
    "GLEICH": 0.6082999512248921,
    "OKTOBER": 0.7867020343723697,
    "poss-EUCH": 0.7488509026669369,
    "DAZU": 0.8206412657498778,
    "BESSER": 0.9762788983423374,
    "OST": 0.8565709399724145,
    "SPAETER": 0.6947195709443256,
    "REST": 0.7483887978249739,
    "FRUEH": 0.7861722745424713,
    "BRAND": 0.0,
    "BURG": 0.0,
    "VIERZEHN": 0.8330764643576059,
    "TEMPERATUR": 0.8509650756303347,
    "WENN": 0.8016276811431734,
    "SO": 0.8909277337167334,
    "ORT": 0.6998806749003346,
    "UNWETTER": 0.8911836943593592,
    "HAGEL": 0.6115183156158721,
    "NORMAL": 0.79068603436713,
    "VORAUSSAGE": 0.37177680455717643,
    "DEZEMBER": 0.7907813412006648,
    "SIEBEN": 0.7224304064198885,
    "WENIGER": 0.0,
    "ALLGAEU": 0.3306771825910222,
    "SECHSZEHN": 0.7318878915630053,
    "DABEI": 0.7490417214525761,
    "MACHEN": 0.8897665459023278,
    "MEER": 0.0,
    "RUEGEN": 0.6415728154595143,
    "NORDOST": 0.7770026828956156,
    "ORKAN": 0.9018397840110349,
    "SONST": 0.8104202842239818,
    "EINS": 0.7895188879573825,
    "AB": 0.8011552105020682,
    "UND": 0.8178515503313415,
    "VOR": 0.4884317144932798,
    "WIE": 0.742256484327334,
    "NOCH": 0.886582663980747,
    "ZEHNTE": 0.7436120195299535,
    "JANUAR": 0.8529702894118835,
    "ZWOELF": 0.7911355132581402,
    "GERADE": 0.6290489586882794,
    "DOCH": 0.4749023692164995,
    "DIENST": 0.7377111075492256,
    "WARNUNG": 0.8364012320319882,
    "BEKANNTGEBEN": 0.5697418915253609,
    "HERBST": 0.8579617818199587,
    "ACHTZEHN": 0.8074536813114102,
    "BEGRUESSEN": 0.6796984115532774,
    "BODEN": 0.6571083914114576,
    "SIEBTE": 0.6950517076372823,
    "AUGUST": 0.7720203807669154,
    "VORSICHT": 0.8656150092062546,
    "DREI": 0.6784938381468344,
    "KLAR": 0.8844807858652431,
    "TATSAECHLICH": 0.8191959193065369,
    "HEISS": 0.8164780565021893,
    "NAECHSTE": 0.7422379630316716,
    "WOCHE": 0.7261641232347229,
    "ACHT": 0.8003315031697172,
    "SEPTEMBER": 0.7333348563881636,
    "WENIG": 0.779775879837339,
    "UM": 0.8108288300950316,
    "EIS": 0.7946415699386403,
    "OFT": 0.6492510195816663,
    "BEWOELKT": 0.7237314096653865,
    "EUROPA": 0.6824284653877881,
    "UNGEFAEHR": 0.6865266208393023,
    "DRITTE": 0.7142723975580382,
    "FLACH": 0.7265605571224983,
    "NEUNTE": 0.659180370252097,
    "FEBRUAR": 0.7391535531354699,
    "PLUS": 0.8100467545481013,
    "TAGSUEBER": 0.8153708950967781,
    "SINKEN": 0.530252221376419,
    "FEUCHT": 0.578404379679404,
    "ANFANG": 0.7912996626763963,
    "ZONE": 0.393849081612106,
    "neg-SCHNEE": 0.527478609045102,
    "GEFRIEREN": 0.7166362115651642,
    "AEHNLICH": 0.6919473304650031,
    "UEBERWIEGEND": 0.7818241161839683,
    "KAUM": 0.7991924460006365,
    "APRIL": 0.6326363622635653,
    "SAUER": 0.6721237294710619,
    "WEITER": 0.7653976604829376,
    "LANGSAM": 0.7199161951950571,
    "TAL": 0.6177195361652064,
    "ALLE": 0.4955403857006653,
    "DARUM": 0.4309989858801047,
    "NAH": 0.5887205057822478,
    "ZWEITE": 0.7219309274048028,
    "JUNI": 0.697767172553284,
    "UNTER": 0.3976573527839961,
    "IM-MOMENT": 0.6816123967133582,
    "BLITZ": 0.0,
    "DONNER": 0.0,
    "GRENZE": 0.0,
    "VOGEL": 0.713119400468954,
    "ICH": 0.803591310932013,