{
    "DRUCK": 0.8155330208652187,
    "TIEF": 0.8393116533265792,
    "KOMMEN": 0.7370209732712931,
    "VIEL": 0.9131339382364814,
    "WOLKE": 0.853011639498176,
    "KOENNEN": 0.869740105928589,
    "REGEN": 0.8867581855099728,
    "GEWITTER": 0.8960397400347415,
    "SCHWACH": 0.9271275766763685,
    "MAESSIG": 0.8980102381155659,
    "SUED": 0.8139822786177611,
    "WIND": 0.9163283393531885,
    "MITTWOCH": 0.7500468526248841,
    "NORD": 0.8969854039913726,
    "NORDWEST": 0.8730790510971208,
    "STARK": 0.8810475968080874,
    "JETZT": 0.8297569937080224,
    "WETTER": 0.904574504629885,
    "WIE-AUSSEHEN": 0.7012802910867972,
    "MORGEN": 0.8529994235987274,
    "FREITAG": 0.8964445353024909,
    "SECHSTE": 0.6941744977065457,
    "MAI": 0.7299070221912448,
    "ZEIGEN-BILDSCHIRM": 0.5189120931797467,
    "DANN": 0.8978301223833075,
    "MEISTENS": 0.8699705209343933,
    "SCHNEE": 0.8994389853779253,
    "SCHNEIEN": 0.8216392658248004,
    "SUEDWEST": 0.8430217882705601,
    "WARM": 0.873545697031576,
    "SCHON": 0.8986868527894364,
    "REGION": 0.8877361145926096,
    "FUENFZEHN": 0.7713281378112637,
    "BIS": 0.9013836237695342,
    "ZWANZIG": 0.7971131702425852,
    "GRAD": 0.8445678399634932,
    "WOCHENENDE": 0.8188086115246316,
    "DAENEMARK": 0.7042149176953005,
    "IX": 0.8782026961354317,
    "FLUSS": 0.7955386254536233,
    "MAXIMAL": 0.668357922950763,
    "DREISSIG": 0.7557950784070605,
    "SCHOEN": 0.9672452659685583,
    "ABEND": 0.951904778638131,
    "WUENSCHEN": 0.8040081422304025,
    "MAL": 0.8243333787357777,
    "SONNE": 0.8922451611069435,
    "SPEZIELL": 0.8874586180919956,
    "ALPEN": 0.8068582381014313,
    "BISSCHEN": 0.8395963871582593,
    "MEHR": 0.9543706991635911,
    "AUCH": 0.9085129681005909,
    "TEIL": 0.8199825934529139,
    "TAG": 0.937491133621497,
    "MITTE": 0.847248855170594,
    "NEBEL": 0.8082315072397043,
    "NACHT": 0.9339409444519575,
    "FUENF": 0.817263041054024,
    "SEE": 0.7009524755676044,
    "MINUS": 0.8318567309531565,
    "VIER": 0.7888107640910124,
    "BERG": 0.8506297406009277,
    "ABER": 0.8999350181167247,
    "NUR": 0.866515671187626,
    "FROST": 0.8897675165387069,
    "STEIGEN": 0.6234338264573256,
    "NULL": 0.7499236973119587,
    "SECHS": 0.7197010798350428,
    "neg-HABEN": 0.8837464048373559,
    "MILD": 0.8735757100093434,
    "DEUTSCH": 0.8934032249541327,
    "LAND": 0.8825191508517548,
    "ZWEI": 0.783984205763742,
    "TEILWEISE": 0.9022270276434734,
    "KUEHL": 0.8532679927380618,
    "ODER": 0.8311186460069211,
    "STERN": 0.7777084176480809,
    "SEHEN": 0.8099193729116037,
    "GEFAHR": 0.8765070686166169,
    "GLATT": 0.8555471103909537,
    "BESONDERS": 0.9716701103301073,
    "KALT": 0.8259908041589813,
    "SAMSTAG": 0.8234316639906422,
    "UMWANDELN": 0.772462075956987,
    "KUESTE": 0.8017841354180428,
    "SUEDOST": 0.804547542202999,
    "NACH": 0.8711693857896238,
    "MITTAG": 0.8827098443216764,
    "LUFT": 0.9637184492112041,
    "HOCH": 0.7981283959984323,
    "DESHALB": 0.7768014883408816,
    "ZEHN": 0.7288757592489425,
    "SIEBZEHN": 0.7185174616984522,
    "SKANDINAVIEN": 0.7973690002478993,
    "WIEDER": 0.8398398931391512,
    "HAUPTSAECHLICH": 0.7735626689045958,
    "SONNTAG": 0.8636040901737757,
    "WAHRSCHEINLICH": 0.8365983411070436,
    "FREUNDLICH": 0.9746610729374177,
    "IM-VERLAUF": 0.9122835431914808,
    "WEST": 0.8754478394325405,
    "MISCHUNG": 0.7087920614418051,
    "BLEIBEN": 0.7374665435707451,
    "DIENSTAG": 0.6464450707979971,
    "RUHIG": 0.8771749841232019,
    "TROCKEN": 0.9500369929801957,
    "IN-KOMMEND": 0.7861762454408044,
    "BEDEUTEN": 0.44430629930913657,
    "HIMMEL": 0.7667790838345601,
    "VERSCHWINDEN": 0.8449598901799854,
    "DREIZEHN": 0.803169742547229,
    "PASSEN": 0.7778555282311155,
    "SOMMER": 0.7198468761781273,
    "MONTAG": 0.8577404087832662,
    "WECHSELHAFT": 0.8361619380097057,
    "BAYERN": 0.7731329412006056,
    "WEHEN": 0.8729706658511229,
    "LIEB": 0.794154933412547,
    "ZUSCHAUER": 0.7378784084164682,
    "GUT": 0.9142564505241049,
    "DONNERSTAG": 0.8614041432838276,
    "ELF": 0.8593905174257838,
    "FAST": 0.6084970686501923,
    "ZWISCHEN": 0.8339440602238105,
    "ENORM": 0.8922745020558507,
    "MOEGLICH": 0.8874845501352016,
    "LANG": 0.8921602691951767,
    "FRISCH": 0.8693407543999194,
    "SCHAUER": 0.8656203859239454,
    "STURM": 0.8842516474019523,
    "WALD": 0.8907340034940898,
    "HEUTE": 0.9398739739611174,
    "NEUN": 0.8353058227802252,
    "ALS": 0.6999871852150431,
    "NEUNZEHN": 0.7768007608013413,
    "NOVEMBER": 0.6868327416523428,
    "MANCHMAL": 0.647677731388919,
    "S": 0.7189333105928909,
    "GLEICH": 0.6082973655806898,
    "OKTOBER": 0.7867040368503642,
    "poss-EUCH": 0.7488481069678585,
    "DAZU": 0.8206397439654053,
    "BESSER": 0.976281511146386,
    "OST": 0.8565723965320163,
    "SPAETER": 0.6947124657125822,
    "REST": 0.7483934437844921,
    "FRUEH": 0.7861695429144253,
    "BRAND": 0.0,
    "BURG": 0.0,
    "VIERZEHN": 0.8330774563798522,
    "TEMPERATUR": 0.8509648683079216,
    "WENN": 0.8016291919412529,
    "SO": 0.8909246014903873,
    "ORT": 0.6998792495894732,
    "UNWETTER": 0.8911811833608735,
    "HAGEL": 0.61151785617818,
    "NORMAL": 0.7906717867533261,
    "VORAUSSAGE": 0.3717682081694164,
    "DEZEMBER": 0.7907808662111273,
    "SIEBEN": 0.7224287293679575,
    "WENIGER": 0.0,
    "ALLGAEU": 0.33068244075133896,
    "SECHSZEHN": 0.7318879124964556,
    "DABEI": 0.7490437474533438,
    "MACHEN": 0.889766764857707,
    "MEER": 0.0,
    "RUEGEN": 0.6415669599836887,
    "NORDOST": 0.7770031280477784,
    "ORKAN": 0.9018414370507861,
    "SONST": 0.8104197707386874,
    "EINS": 0.7895183225588429,
    "AB": 0.801154627828613,
    "UND": 0.8178508921922069,
    "VOR": 0.4884317727533656,
    "WIE": 0.7422602631723695,
    "NOCH": 0.8865832829094277,
    "ZEHNTE": 0.7436137849831835,
    "JANUAR": 0.8529718650143241,
    "ZWOELF": 0.7911383962681076,
    "GERADE": 0.6290514778091253,
    "DOCH": 0.4749024153951325,
    "DIENST": 0.7377080638997351,
    "WARNUNG": 0.8364016451062097,
    "BEKANNTGEBEN": 0.5697419469762965,
    "HERBST": 0.857956351634773,
    "ACHTZEHN": 0.8074536220102556,
    "BEGRUESSEN": 0.6796919200130542,
    "BODEN": 0.6571126321964875,
    "SIEBTE": 0.6950643017824725,
    "AUGUST": 0.7720204094225945,
    "VORSICHT": 0.8656166588826192,
    "DREI": 0.6784946713187312,
    "KLAR": 0.884478894770887,
    "TATSAECHLICH": 0.8191960001804987,
    "HEISS": 0.8164795734214558,
    "NAECHSTE": 0.7422322714303176,
    "WOCHE": 0.7261618218153489,
    "ACHT": 0.8003319367399178,
    "SEPTEMBER": 0.7333239865824095,
    "WENIG": 0.7797816202320177,
    "UM": 0.8108289721056504,
    "EIS": 0.7946416329196069,
    "OFT": 0.649251500286264,
    "BEWOELKT": 0.723723842324935,
    "EUROPA": 0.6824334412290717,
    "UNGEFAEHR": 0.6865254359827442,
    "DRITTE": 0.7142720364886874,
    "FLACH": 0.7265572642249521,
    "NEUNTE": 0.6591844783133392,
    "FEBRUAR": 0.7391511575255223,
    "PLUS": 0.8100502551634315,
    "TAGSUEBER": 0.8153754747372769,
    "SINKEN": 0.5302558258124486,
    "FEUCHT": 0.5784044408928493,
    "ANFANG": 0.7912985854432804,
    "ZONE": 0.3938384058131296,
    "neg-SCHNEE": 0.5274785568401971,
    "GEFRIEREN": 0.7166362963514462,
    "AEHNLICH": 0.6919478293092167,
    "UEBERWIEGEND": 0.7818215565001222,
    "KAUM": 0.7991910057629686,
    "APRIL": 0.6326345648636573,
    "SAUER": 0.6721229256124647,
    "WEITER": 0.7653990437087397,
    "LANGSAM": 0.7199163219794302,
    "TAL": 0.6177250067538413,
    "ALLE": 0.4955441858084653,
    "DARUM": 0.4309994827026926,
    "NAH": 0.5887286544558288,
    "ZWEITE": 0.7219258828823887,
    "JUNI": 0.6977584340911297,
    "UNTER": 0.3976524549464062,
    "IM-MOMENT": 0.6816109329231772,
    "BLITZ": 0.0,
    "DONNER": 0.0,
    "GRENZE": 0.0,
    "VOGEL": 0.7131375989437061,
    "ICH": 0.8035963428234988,