{
    "DRUCK": 0.7937650944431233,
    "TIEF": 0.7145549325427901,
    "KOMMEN": 0.8239775827622564,
    "VIEL": 0.8840846087750176,
    "WOLKE": 0.787853961495148,
    "KOENNEN": 0.8748083482808336,
    "REGEN": 0.8352133592284888,
    "GEWITTER": 0.7806044992594655,
    "SCHWACH": 0.5659824678169817,
    "MAESSIG": 0.6348307567108734,
    "SUED": 0.7807084527282601,
    "WIND": 0.8121623992930194,
    "MITTWOCH": 0.6557045389595663,
    "NORD": 0.8422419278343367,
    "NORDWEST": 0.6535975960433538,
    "STARK": 0.9184019424245096,
    "JETZT": 0.37844707875723466,
    "WETTER": 0.5669348099577182,
    "WIE-AUSSEHEN": 0.3518120324472855,
    "MORGEN": 0.8390835586502347,
    "FREITAG": 0.6571336025521114,
    "SECHSTE": 0.11877691877107864,
    "MAI": 0.16478030645527134,
    "ZEIGEN-BILDSCHIRM": 0.16551606258010498,
    "DANN": 0.794243033317139,
    "MEISTENS": 0.8205172047330127,
    "SCHNEE": 0.8035569770226187,
    "SCHNEIEN": 0.8076344939500346,
    "SUEDWEST": 0.8360784000324128,
    "WARM": 0.8754275850103177,
    "SCHON": 1.143472924376323,
    "REGION": 0.9031158258532637,
    "FUENFZEHN": 0.7671413201186141,
    "BIS": 0.894301599523727,
    "ZWANZIG": 0.6821946942821783,
    "GRAD": 0.7198714970050133,
    "WOCHENENDE": 0.8019809784841375,
    "DAENEMARK": 0.0,
    "IX": 0.8822799136739706,
    "FLUSS": 0.7550327160480427,
    "MAXIMAL": 0.7511814419206331,
    "DREISSIG": 0.5539594962088182,
    "SCHOEN": 0.4912241515268724,
    "ABEND": 0.5755343968784199,
    "WUENSCHEN": 0.18939866542029749,
    "MAL": 0.7446689778972657,
    "SONNE": 0.7722012590426959,
    "SPEZIELL": 1.2666195243610945,
    "ALPEN": 1.0299292961506628,
    "BISSCHEN": 0.7354236602723732,
    "MEHR": 0.7328023001161379,
    "AUCH": 0.9523452950567207,
    "TEIL": 0.7622703782842859,
    "TAG": 0.8841201254613071,
    "MITTE": 0.8486009404715028,
    "NEBEL": 0.7518614127180674,
    "NACHT": 0.8282325698445802,
    "FUENF": 0.7083218661263596,
    "SEE": 0.7583647735383904,
    "MINUS": 0.5699318842348714,
    "VIER": 0.6747525477461694,
    "BERG": 0.9656251423498601,
    "ABER": 0.8178061741064305,
    "NUR": 0.6961880699480518,
    "FROST": 0.6452196375415037,
    "STEIGEN": 0.8032277202677685,
    "NULL": 0.7525341118904333,
    "SECHS": 0.6262435409652088,
    "neg-HABEN": 0.6622116139313745,
    "MILD": 0.7624167166219022,
    "DEUTSCH": 0.7777137965440067,
    "LAND": 0.7301282794865276,
    "ZWEI": 0.8191052274994712,
    "TEILWEISE": 0.8072916223481812,
    "KUEHL": 0.8841147500647084,
    "ODER": 0.9158047052641107,
    "STERN": 0.7218634253523123,
    "SEHEN": 0.7877866195415506,
    "GEFAHR": 0.7046399158500811,
    "GLATT": 0.7691690196812738,
    "BESONDERS": 0.7726956217442912,
    "KALT": 0.7564715942968325,
    "SAMSTAG": 0.7192761867181767,
    "UMWANDELN": 0.2863609342549871,
    "KUESTE": 0.8766253681358599,
    "SUEDOST": 0.7774846393518222,
    "NACH": 0.8449956686581911,
    "MITTAG": 0.7255994383231322,
    "LUFT": 0.8618905035731469,
    "HOCH": 0.7011551627696339,
    "DESHALB": 1.045264034248308,
    "ZEHN": 0.7094666997660481,
    "SIEBZEHN": 0.6738123980312444,
    "SKANDINAVIEN": 0.6874890713102337,
    "WIEDER": 1.004983509959815,
    "HAUPTSAECHLICH": 0.6332237830105104,
    "SONNTAG": 0.6921813203641275,
    "WAHRSCHEINLICH": 0.5176835635106509,
    "FREUNDLICH": 0.7325844122806485,
    "IM-VERLAUF": 0.6062127656555782,
    "WEST": 0.9176622489032286,
    "MISCHUNG": 0.0,
    "BLEIBEN": 0.7529107687545119,
    "DIENSTAG": 0.6964534038782075,
    "RUHIG": 0.7308203823457204,
    "TROCKEN": 0.8658448183743562,
    "IN-KOMMEND": 0.6772706629468375,
    "BEDEUTEN": 0.0,
    "HIMMEL": 0.829791415675438,
    "VERSCHWINDEN": 0.7648797251039924,
    "DREIZEHN": 0.6339196551581897,
    "PASSEN": 0.0,
    "SOMMER": 0.9586956287159796,
    "MONTAG": 0.48828529836049195,
    "WECHSELHAFT": 0.7253698736026293,
    "BAYERN": 0.7017347983186587,
    "WEHEN": 0.7895716734660236,
    "LIEB": 0.11229049311409883,
    "ZUSCHAUER": 0.11377892106002496,
    "GUT": 0.33726016222355065,
    "DONNERSTAG": 0.9385090348732518,
    "ELF": 0.751905084197864,
    "FAST": 0.9211375832006675,
    "ZWISCHEN": 0.687915622154467,
    "ENORM": 1.1452617015372497,
    "MOEGLICH": 0.6999373037313183,
    "LANG": 1.082977923047491,
    "FRISCH": 0.7280723711029881,
    "SCHAUER": 0.7952341222574987,
    "STURM": 0.7605431922740463,
    "WALD": 1.2595499316254035,
    "HEUTE": 0.8313474620991046,
    "NEUN": 0.6219344844212071,
    "ALS": 0.0,
    "NEUNZEHN": 0.4702078095339394,
    "NOVEMBER": 0.0,
    "MANCHMAL": 0.0,
    "S": 0.5783640490884201,
    "GLEICH": 1.094059472349144,
    "OKTOBER": 0.14803691212433023,
    "poss-EUCH": 0.2761920406141943,
    "DAZU": 0.9180761062296802,
    "BESSER": 0.6758672945206603,
    "OST": 0.8221751222729771,
    "SPAETER": 0.3452785206483845,
    "REST": 0.6325223439722384,
    "FRUEH": 1.1686181752896976,
    "BRAND": 0.0,
    "BURG": 0.0,
    "VIERZEHN": 0.6125959090280192,
    "TEMPERATUR": 0.7557206499756728,
    "WENN": 1.0098393036997928,
    "SO": 0.9964004938367884,
    "ORT": 0.9139618967831875,
    "UNWETTER": 0.8089635577484474,
    "HAGEL": 0.8759421076009742,
    "NORMAL": 0.0,
    "VORAUSSAGE": 0.0,
    "DEZEMBER": 0.12537055288714744,
    "SIEBEN": 0.7430350125189046,
    "WENIGER": 0.0,
    "ALLGAEU": 0.5898520754681511,
    "SECHSZEHN": 0.6463947766044251,
    "DABEI": 0.7807184847084646,
    "MACHEN": 0.05512494803894575,
    "MEER": 0.0,
    "RUEGEN": 0.0,
    "NORDOST": 0.8929170257410183,
    "ORKAN": 0.7586617047963359,
    "SONST": 0.8198349897115029,
    "EINS": 0.6974145729972453,
    "AB": 0.6164148360699003,
    "UND": 0.8880531168254189,
    "VOR": 0.0,
    "WIE": 0.5834186549787291,
    "NOCH": 0.7600232465461373,
    "ZEHNTE": 0.13380375216729262,
    "JANUAR": 0.20397482256897329,
    "ZWOELF": 0.7902732558503651,
    "GERADE": 0.0,
    "DOCH": 0.0,
    "DIENST": 0.5879224180057505,
    "WARNUNG": 0.700223369300084,
    "BEKANNTGEBEN": 0.0,
    "HERBST": 0.6120485259743955,
    "ACHTZEHN": 0.6980476882704422,
    "BEGRUESSEN": 0.0,
    "BODEN": 1.8080895532911483,
    "SIEBTE": 0.07445249220668362,
    "AUGUST": 0.20782671103904052,
    "VORSICHT": 0.8172825222575921,
    "DREI": 0.594173287843354,
    "KLAR": 0.8320736410792653,
    "TATSAECHLICH": 0.6399408405968579,
    "HEISS": 1.0744244261760725,
    "NAECHSTE": 0.7541847229594371,
    "WOCHE": 0.8165490462976073,
    "ACHT": 0.6648968278904251,
    "SEPTEMBER": 0.0727243262078128,
    "WENIG": 0.6806226620360194,
    "UM": 0.0,
    "EIS": 0.48191667771023833,
    "OFT": 0.0,
    "BEWOELKT": 0.49953283600068416,
    "EUROPA": 0.6857113196610347,
    "UNGEFAEHR": 0.5266117553880159,
    "DRITTE": 0.05420237090694288,
    "FLACH": 0.0,
    "NEUNTE": 0.0,
    "FEBRUAR": 0.35234227648903915,
    "PLUS": 0.6074548872697232,
    "TAGSUEBER": 0.47194069966475677,
    "SINKEN": 0.8603981894438234,
    "FEUCHT": 0.0,
    "ANFANG": 0.6789118018907527,
    "ZONE": 0.0,
    "neg-SCHNEE": 0.0,
    "GEFRIEREN": 1.578033906842144,
    "AEHNLICH": 0.0,
    "UEBERWIEGEND": 0.6659499140690792,
    "KAUM": 0.5670983947845835,
    "APRIL": 0.0778319152896505,
    "SAUER": 0.0,
    "WEITER": 0.6179489722950443,
    "LANGSAM": 0.9268989495973713,
    "TAL": 0.0,
    "ALLE": 0.0,
    "DARUM": 0.0,
    "NAH": 0.9748531977338005,
    "ZWEITE": 0.10135433688144911,
    "JUNI": 0.0,
    "UNTER": 0.0,
    "IM-MOMENT": 0.8920504508592847,
    "BLITZ": 0.0,
    "DONNER": 0.0,
    "GRENZE": 0.0,
    "VOGEL": 0.0,
    "ICH": 0.46839761406310143,
    "DAUER": 0.0,
    "DURCHGEHEND": 0.8776719812037402,
    "LOCKER": 0.0,
    "METER": 1.2637120094662155,
    "HABEN": 0.0,
    "UMKEHREN": 0.0,
    "JULI": 0.14332667181022457,
    "KURZ": 0.0,
    "VERAENDERN": 0.0,
    "VORAUS": 0.12935237943572195,
    "INFORMIEREN": 0.13678406199596016,
    "IHR": 0.0,
    "neg-REGEN": 0.0,
    "WIE-IMMER": 0.0,
    "EINIGE": 0.0,
    "AUFLOESEN": 0.0,
    "NEU": 0.8004155354977139,