{
    "REGEN": 0.8800959260004192,
    "SCHNEE": 0.9253950786054601,
    "REGION": 0.8839560568154886,
    "VERSCHWINDEN": 0.8242315229256028,
    "NORDOST": 0.8483384886632319,
    "NORD": 0.8908250142892248,
    "KOENNEN": 0.8337297990109124,
    "STERN": 0.8035043918565614,
    "SEHEN": 0.781905359895731,
    "DONNERSTAG": 0.872370948767481,
    "SONNE": 0.8852317356100594,
    "WOLKE": 0.8565162161962601,
    "WECHSELHAFT": 0.8590102076157653,
    "DANN": 0.9503171456455648,
    "FREITAG": 0.868863116141762,
    "AEHNLICH": 0.8545364485227386,
    "WETTER": 0.9177081520800229,
    "NORDWEST": 0.8736489323139209,
    "STARK": 0.8827092403770244,
    "TIEF": 0.8758843575765148,
    "AB": 0.8933801527072047,
    "MORGEN": 0.8690271376131415,
    "FRUEH": 0.8852564757060454,
    "SCHNEIEN": 0.8378351193881021,
    "ENORM": 0.9489480438372464,
    "WOCHENENDE": 0.8743143099268276,
    "SAMSTAG": 0.7947580588686717,
    "GUT": 0.8577439131859936,
    "TEMPERATUR": 0.8339368736783166,
    "BIS": 0.8468450439494782,
    "SIEBZEHN": 0.8409653087597154,
    "GRAD": 0.8259587013366775,
    "DEUTSCH": 0.8816150608638409,
    "LAND": 0.845496584336209,
    "HOCH": 0.8527197151151882,
    "DRUCK": 0.7661703618896711,
    "KOMMEN": 0.7775754104297838,
    "SONNTAG": 0.8250336221292532,
    "AUCH": 0.9130790491190214,
    "GEWITTER": 0.8652591845222192,
    "DABEI": 0.7597443810462525,
    "WAHRSCHEINLICH": 0.8062556581093359,
    "SCHAUER": 0.8878519821287855,
    "IM-VERLAUF": 0.8994520136868046,
    "BLEIBEN": 0.8183055486475903,
    "KALT": 0.8534021169899421,
    "MEHR": 0.9352979031560228,
    "HERBST": 0.8171232938659412,
    "TRUEB": 0.8535975826336714,
    "NEBEL": 0.80014636882869,
    "LANG": 0.876618834273208,
    "LEICHT": 0.883641994606312,
    "UNTERSCHIED": 0.6646768272591175,
    "FEUCHT": 0.9188392216941784,
    "WIE": 0.851047118506105,
    "HEUTE": 0.9381063685042569,
    "SECHS": 0.767996604017728,
    "ZWISCHEN": 0.7529711351972718,
    "ELF": 0.8550644219229256,
    "NACHT": 0.9430378869835256,
    "ANFANG": 0.8002951877235533,
    "ABEND": 0.9532827511347557,
    "IN-KOMMEND": 0.7633403549284334,
    "HIMMEL": 0.7852648895436559,
    "BODEN": 0.761630281954682,
    "JETZT": 0.8522495665183872,
    "VORAUSSAGE": 0.6425823288533264,
    "FUENFZEHN": 0.7599137333981362,
    "OKTOBER": 0.7523825966805571,
    "BERG": 0.8576103398489194,
    "HAUPTSAECHLICH": 0.8336357260101096,
    "SUED": 0.8278164703643082,
    "BISSCHEN": 0.8480311086016238,
    "KLAR": 0.9060085331455816,
    "MOEGLICH": 0.8870253946551493,
    "WEHEN": 0.8634025931907934,
    "SUEDOST": 0.7893854634144778,
    "WIND": 0.9038955395995562,
    "IX": 0.9274652661592637,
    "TEILWEISE": 0.963980691677121,
    "WEITER": 0.7669132337375926,
    "FREUNDLICH": 0.9450710768258995,
    "WEST": 0.8746090604420478,
    "AUFLOESEN": 0.7293032122380578,
    "MISCHUNG": 0.8640939448524806,
    "NULL": 0.7120214995111748,
    "MINUS": 0.830226970419769,
    "FUENF": 0.8086200299832448,
    "LUFT": 0.847320190699049,
    "KUEHL": 0.8613515233101721,
    "DIENSTAG": 0.6782357265418453,
    "ABER": 0.8160138798930412,
    "ODER": 0.9292746566889445,
    "MITTE": 0.88177042314908,
    "STURM": 0.8512500834572065,
    "BESSER": 0.8414776956930586,
    "SACHSEN": 0.7989407525411333,
    "UNWETTER": 0.8895108894339477,
    "ZWANZIG": 0.8451121867468443,
    "OST": 0.8680939216690804,
    "SIEBEN": 0.6503542685331636,
    "FROST": 0.8986329587780384,
    "TAG": 0.933600246551216,
    "DREIZEHN": 0.7359819210942314,
    "WIE-AUSSEHEN": 0.6718353878058103,
    "MITTWOCH": 0.7079732325123224,
    "PLUS": 0.732701075380796,
    "VIER": 0.8246125967338596,
    "ZEHN": 0.8206358368846084,
    "VIEL": 0.8952743503022047,
    "FLUSS": 0.8251811396233917,
    "KUESTE": 0.8673774431721419,
    "ZUERST": 0.7868741658232296,
    "NUR": 0.8466835341697292,
    "VOR": 0.8778645788307798,
    "MITTAG": 0.8183542060791811,
    "SONST": 0.8520108656489243,
    "SCHWACH": 0.8833709664630145,
    "BESONDERS": 0.9022671313765577,
    "ZWEITE": 0.7946308645989214,
    "JUNI": 0.6635560604982554,
    "SINKEN": 0.6037603899358073,
    "VIERZEHN": 0.7600547840820994,
    "VORAUS": 0.6413223853048112,
    "INFORMIEREN": 0.5880683295177723,
    "ERSTE": 0.6561655505972964,
    "FEBRUAR": 0.5938567583330603,
    "SPAETER": 0.6630491732185642,
    "TAGSUEBER": 0.631924072915317,
    "SUEDWEST": 0.8062212026475323,
    "SCHOEN": 0.9586263734236162,
    "WUENSCHEN": 0.7752044347510302,
    "FRISCH": 0.8529312790864692,
    "FUENFTE": 0.6365954134811851,
    "MEER": 0.8926083497914166,
    "MILD": 0.9047236110520361,
    "MONTAG": 0.7966488468749192,
    "MAL": 0.864877080783578,
    "LOCKER": 0.7826985268447711,
    "TROCKEN": 0.9563277843725491,
    "WARM": 0.8932227220815123,
    "SCHWER": 0.8633403842491022,
    "DESHALB": 0.803540022114308,
    "ZWEI": 0.6755619786040732,
    "ACHT": 0.7394544826675888,
    "WAS": 0.624446394542264,
    "APRIL": 0.6993718963792286,
    "EUROPA": 0.8616181799299938,
    "SCHON": 0.87194372608936,
    "DREISSIG": 0.7904810207971043,
    "HIER": 0.0,
    "NACH": 0.8284381644982018,
    "MAESSIG": 0.9227950279218615,
    "VERSCHIEDEN": 0.7503137015362933,
    "ACHTZEHN": 0.805980189074277,
    "NAECHSTE": 0.7773526265759612,
    "WIEDER": 0.7488552285170649,
    "DEZEMBER": 0.7400155057237606,
    "EINS": 0.7728943647218315,
    "SECHSZEHN": 0.7724876815560997,
    "ICH": 0.4209923789315335,
    "NEUNZEHN": 0.8123014673253653,
    "UEBERWIEGEND": 0.8402260831988076,
    "BEWOELKT": 0.7056399356043414,
    "ORT": 0.825736164537882,
    "WENN": 0.8255982366131934,
    "DREI": 0.6439340096693802,
    "NEUN": 0.8918687391676188,
    "LANGSAM": 0.7674853009626136,
    "STEIGEN": 1.0211627056780237,
    "LIEB": 0.813954604638827,
    "ZUSCHAUER": 0.7480348956649696,
    "BEGRUESSEN": 0.7689979867714853,
    "DAUER": 0.6490408392071283,
    "VERAENDERN": 0.48081782480608964,
    "DEUTSCHLAND": 0.8279437731247324,
    "HABEN2": 0.7991684208273778,
    "ALPEN": 0.8420239048576477,
    "GEFAHR": 0.8895991150130379,
    "DIENST": 0.9707037123465648,
    "WARNUNG": 0.9253471671703785,
    "METER": 0.5735984990808276,
    "NOCH": 0.9613026770331985,
    "DRITTE": 0.6916958822122743,
    "SEPTEMBER": 0.8453463999330699,
    "WOCHE": 0.7724265290947308,
    "BAYERN": 0.7536023266194287,
    "NEU": 0.9134872725628003,
    "WIE-IMMER": 0.5642988293481689,
    "SO": 0.8437302648344307,
    "ACHTE": 0.525110707090069,
    "NACHMITTAG": 0.6457037804205719,
    "TAUEN": 0.7651011987656613,
    "DAZU": 0.8210660566623079,
    "neg-HABEN": 0.6866252201181323,
    "BURG": 0.7385678765599019,
    "MEISTENS": 0.8196167452419121,
    "TEIL": 0.7942714110701761,
    "TATSAECHLICH": 0.5645968859944006,
    "RUHIG": 0.846449766854494,
    "VORSICHT": 0.7807574053914766,
    "STRASSE": 0.8492891654631384,
    "GLATT": 0.7460541380034951,
    "UNTER": 0.4403624093077615,
    "TSCHUESS": 0.7235225235221517,
    "MAXIMAL": 0.7590743228923525,
    "SCHOTTLAND": 0.7082911634904359,
    "MACHEN": 0.5865045100885692,
    "ZWOELF": 0.8009368436221252,
    "KOELN": 0.7784168482975689,
    "JANUAR": 0.8667688993467347,
    "WINTER": 0.6789046796711158,
    "DU": 0.3618536592981178,
    "HOEHE": 0.6911445993287227,
    "GLEICH": 0.6511906420185971,
    "MIT": 0.8874964831328201,
    "poss-EUCH": 0.8650248764059234,
    "MAI": 0.606374258971561,
    "AUGUST": 0.6759406650378653,
    "WENIGER": 0.6897669188199794,
    "HAGEL": 0.7708078954018314,
    "NAH": 0.6993416653486819,
    "SKANDINAVIEN": 0.555375678777052,
    "UND": 0.8238163966544276,
    "SPEZIELL": 0.9127962710547706,
    "neg-REGEN": 0.6720654986812553,
    "WENIG": 0.7391154158586779,
    "ORKAN": 0.831137193882265,
    "SEE": 0.5589790843774609,
    "SCHEINEN": 0.596407970497402,
    "NOVEMBER": 0.73971644047053,
    "GRUND": 0.7596902083952549,
    "WALD": 0.8375453861646538,
    "DOCH": 0.8760717027287416,
    "ALLE": 0.4316729770230824,